SPARE,Description,1,0,FALSE,SPARE;0,SPARE;Default
SPARE,Description,1,0,FALSE,SPARE;0,SPARE;Default
SPARE,Description,1,0,FALSE,SPARE;0,SPARE;Default
SPARE,Description,1,0,FALSE,SPARE;0,SPARE;Default
SPARE,Description,1,0,FALSE,SPARE;0,SPARE;Default
SPARE,Description,1,0,FALSE,SPARE;0,SPARE;Default
SPARE,Description,1,0,FALSE,SPARE;0,SPARE;Default
SPARE,Description,1,0,FALSE,SPARE;0,SPARE;Default
SPARE,Description,1,0,FALSE,SPARE;0,SPARE;Default
SPARE,Description,1,0,FALSE,SPARE;0,SPARE;Default
SPARE,Description,1,0,FALSE,SPARE;0,SPARE;Default
SPARE,Description,1,0,FALSE,SPARE;0,SPARE;Default
SPARE,Description,1,0,FALSE,SPARE;0,SPARE;Default
SPARE,Description,1,0,FALSE,SPARE;0,SPARE;Default
SPARE,Description,1,0,FALSE,SPARE;0,SPARE;Default
SPARE,Description,1,0,FALSE,SPARE;0,SPARE;Default
SPARE,Description,1,0,FALSE,SPARE;0,SPARE;Default
SPARE,Description,1,0,FALSE,SPARE;0,SPARE;Default
SPARE,Description,1,0,FALSE,SPARE;0,SPARE;Default
SPARE,Description,1,0,FALSE,SPARE;0,SPARE;Default
SPARE,Description,1,0,FALSE,SPARE;0,SPARE;Default
SPARE,Description,1,0,FALSE,SPARE;0,SPARE;Default
SPARE,Description,1,0,FALSE,SPARE;0,SPARE;Default
SPARE,Description,1,0,FALSE,SPARE;0,SPARE;Default
SPARE,Description,1,0,FALSE,SPARE;0,SPARE;Default
SPARE,Description,1,0,FALSE,SPARE;0,SPARE;Default
SPARE,Description,1,0,FALSE,SPARE;0,SPARE;Default
SPARE,Description,1,0,FALSE,SPARE;0,SPARE;Default
SPARE,Description,1,0,FALSE,SPARE;0,SPARE;Default
SPARE,Description,1,0,FALSE,SPARE;0,SPARE;Default
SPARE,Description,1,0,FALSE,SPARE;0,SPARE;Default
SPARE,Description,1,0,FALSE,SPARE;0,SPARE;Default
SPARE,Description,1,0,FALSE,SPARE;0,SPARE;Default
SPARE,Description,1,0,FALSE,SPARE;0,SPARE;Default
SPARE,Description,1,0,FALSE,SPARE;0,SPARE;Default
SPARE,Description,1,0,FALSE,SPARE;0,SPARE;Default
SPARE,Description,1,0,FALSE,SPARE;0,SPARE;Default
SPARE,Description,1,0,FALSE,SPARE;0,SPARE;Default
SPARE,Description,1,0,FALSE,SPARE;0,SPARE;Default
SPARE,Description,1,0,FALSE,SPARE;0,SPARE;Default
SPARE,Description,1,0,FALSE,SPARE;0,SPARE;Default
SPARE,Description,1,0,FALSE,SPARE;0,SPARE;Default
SPARE,Description,1,0,FALSE,SPARE;0,SPARE;Default
SPARE,Description,1,0,FALSE,SPARE;0,SPARE;Default
SPARE,Description,1,0,FALSE,SPARE;0,SPARE;Default
SPARE,Description,1,0,FALSE,SPARE;0,SPARE;Default
SPARE,Description,1,0,FALSE,SPARE;0,SPARE;Default
SPARE,Description,1,0,FALSE,SPARE;0,SPARE;Default
SPARE,Description,1,0,FALSE,SPARE;0,SPARE;Default
SPARE,Description,1,0,FALSE,SPARE;0,SPARE;Default
SPARE,Description,1,0,FALSE,SPARE;0,SPARE;Default
SPARE,Description,1,0,FALSE,SPARE;0,SPARE;Default
SPARE,Description,1,0,FALSE,SPARE;0,SPARE;Default
SPARE,Description,1,0,FALSE,SPARE;0,SPARE;Default
SPARE,Description,1,0,FALSE,SPARE;0,SPARE;Default
SPARE,Description,1,0,FALSE,SPARE;0,SPARE;Default
SPARE,Description,1,0,FALSE,SPARE;0,SPARE;Default
SPARE,Description,1,0,FALSE,SPARE;0,SPARE;Default
SPARE,Description,1,0,FALSE,SPARE;0,SPARE;Default
SPARE,Description,1,0,FALSE,SPARE;0,SPARE;Default
SPARE,Description,1,0,FALSE,SPARE;0,SPARE;Default
SPARE,Description,1,0,FALSE,SPARE;0,SPARE;Default
SPARE,Description,1,0,FALSE,SPARE;0,SPARE;Default
SPARE,Description,1,0,FALSE,SPARE;0,SPARE;Default
SPARE,Description,1,0,FALSE,SPARE;0,SPARE;Default
SPARE,Description,1,0,FALSE,SPARE;0,SPARE;Default
SPARE,Description,1,0,FALSE,SPARE;0,SPARE;Default
SPARE,Description,1,0,FALSE,SPARE;0,SPARE;Default
SPARE,Description,1,0,FALSE,SPARE;0,SPARE;Default
SPARE,Description,1,0,FALSE,SPARE;0,SPARE;Default
SPARE,Description,1,0,FALSE,SPARE;0,SPARE;Default
SPARE,Description,1,0,FALSE,SPARE;0,SPARE;Default
SPARE,Description,1,0,FALSE,SPARE;0,SPARE;Default
SPARE,Description,1,0,FALSE,SPARE;0,SPARE;Default
SPARE,Description,1,0,FALSE,SPARE;0,SPARE;Default
SPARE,Description,1,0,FALSE,SPARE;0,SPARE;Default
SPARE,Description,1,0,FALSE,SPARE;0,SPARE;Default
SPARE,Description,1,0,FALSE,SPARE;0,SPARE;Default
SPARE,Description,1,0,FALSE,SPARE;0,SPARE;Default
SPARE,Description,1,0,FALSE,SPARE;0,SPARE;Default
SPARE,Description,1,0,FALSE,SPARE;0,SPARE;Default
SPARE,Description,1,0,FALSE,SPARE;0,SPARE;Default
SPARE,Description,1,0,FALSE,SPARE;0,SPARE;Default
SPARE,Description,1,0,FALSE,SPARE;0,SPARE;Default
SPARE,Description,1,0,FALSE,SPARE;0,SPARE;Default
SPARE,Description,1,0,FALSE,SPARE;0,SPARE;Default
SPARE,Description,1,0,FALSE,SPARE;0,SPARE;Default
SPARE,Description,1,0,FALSE,SPARE;0,SPARE;Default
SPARE,Description,1,0,FALSE,SPARE;0,SPARE;Default
SPARE,Description,1,0,FALSE,SPARE;0,SPARE;Default
SPARE,Description,1,0,FALSE,SPARE;0,SPARE;Default
SPARE,Description,1,0,FALSE,SPARE;0,SPARE;Default
SPARE,Description,1,0,FALSE,SPARE;0,SPARE;Default
SPARE,Description,1,0,FALSE,SPARE;0,SPARE;Default
SPARE,Description,1,0,FALSE,SPARE;0,SPARE;Default
SPARE,Description,1,0,FALSE,SPARE;0,SPARE;Default
SPARE,Description,1,0,FALSE,SPARE;0,SPARE;Default
SPARE,Description,1,0,FALSE,SPARE;0,SPARE;Default
SPARE,Description,1,0,FALSE,SPARE;0,SPARE;Default
SPARE,Description,1,0,FALSE,SPARE;0,SPARE;Default
SPARE,Description,1,0,FALSE,SPARE;0,SPARE;Default
SPARE,Description,1,0,FALSE,SPARE;0,SPARE;Default
SPARE,Description,1,0,FALSE,SPARE;0,SPARE;Default
SPARE,Description,1,0,FALSE,SPARE;0,SPARE;Default
SPARE,Description,1,0,FALSE,SPARE;0,SPARE;Default
SPARE,Description,1,0,FALSE,SPARE;0,SPARE;Default
SPARE,Description,1,0,FALSE,SPARE;0,SPARE;Default
SPARE,Description,1,0,FALSE,SPARE;0,SPARE;Default
SPARE,Description,1,0,FALSE,SPARE;0,SPARE;Default
SPARE,Description,1,0,FALSE,SPARE;0,SPARE;Default
SPARE,Description,1,0,FALSE,SPARE;0,SPARE;Default
SPARE,Description,1,0,FALSE,SPARE;0,SPARE;Default
SPARE,Description,1,0,FALSE,SPARE;0,SPARE;Default
SPARE,Description,1,0,FALSE,SPARE;0,SPARE;Default
SPARE,Description,1,0,FALSE,SPARE;0,SPARE;Default
SPARE,Description,1,0,FALSE,SPARE;0,SPARE;Default
SPARE,Description,1,0,FALSE,SPARE;0,SPARE;Default
SPARE,Description,1,0,FALSE,SPARE;0,SPARE;Default
SPARE,Description,1,0,FALSE,SPARE;0,SPARE;Default
SPARE,Description,1,0,FALSE,SPARE;0,SPARE;Default
SPARE,Description,1,0,FALSE,SPARE;0,SPARE;Default
SPARE,Description,1,0,FALSE,SPARE;0,SPARE;Default
SPARE,Description,1,0,FALSE,SPARE;0,SPARE;Default
SPARE,Description,1,0,FALSE,SPARE;0,SPARE;Default
SPARE,Description,1,0,FALSE,SPARE;0,SPARE;Default
SPARE,Description,1,0,FALSE,SPARE;0,SPARE;Default
SPARE,Description,1,0,FALSE,SPARE;0,SPARE;Default
SPARE,Description,1,0,FALSE,SPARE;0,SPARE;Default
SPARE,Description,1,0,FALSE,SPARE;0,SPARE;Default
SPARE,Description,1,0,FALSE,SPARE;0,SPARE;Default
SPARE,Description,1,0,FALSE,SPARE;0,SPARE;Default
SPARE,Description,1,0,FALSE,SPARE;0,SPARE;Default
SPARE,Description,1,0,FALSE,SPARE;0,SPARE;Default
SPARE,Description,1,0,FALSE,SPARE;0,SPARE;Default
SPARE,Description,1,0,FALSE,SPARE;0,SPARE;Default
SPARE,Description,1,0,FALSE,SPARE;0,SPARE;Default
SPARE,Description,1,0,FALSE,SPARE;0,SPARE;Default
SPARE,Description,1,0,FALSE,SPARE;0,SPARE;Default
SPARE,Description,1,0,FALSE,SPARE;0,SPARE;Default
SPARE,Description,1,0,FALSE,SPARE;0,SPARE;Default
SPARE,Description,1,0,FALSE,SPARE;0,SPARE;Default
SPARE,Description,1,0,FALSE,SPARE;0,SPARE;Default
SPARE,Description,1,0,FALSE,SPARE;0,SPARE;Default
SPARE,Description,1,0,FALSE,SPARE;0,SPARE;Default
SPARE,Description,1,0,FALSE,SPARE;0,SPARE;Default
SPARE,Description,1,0,FALSE,SPARE;0,SPARE;Default
SPARE,Description,1,0,FALSE,SPARE;0,SPARE;Default
SPARE,Description,1,0,FALSE,SPARE;0,SPARE;Default
SPARE,Description,1,0,FALSE,SPARE;0,SPARE;Default
SPARE,Description,1,0,FALSE,SPARE;0,SPARE;Default
SPARE,Description,1,0,FALSE,SPARE;0,SPARE;Default
SPARE,Description,1,0,FALSE,SPARE;0,SPARE;Default
SPARE,Description,1,0,FALSE,SPARE;0,SPARE;Default
SPARE,Description,1,0,FALSE,SPARE;0,SPARE;Default
SPARE,Description,1,0,FALSE,SPARE;0,SPARE;Default
SPARE,Description,1,0,FALSE,SPARE;0,SPARE;Default
SPARE,Description,1,0,FALSE,SPARE;0,SPARE;Default
SPARE,Description,1,0,FALSE,SPARE;0,SPARE;Default
SPARE,Description,1,0,FALSE,SPARE;0,SPARE;Default
SPARE,Description,1,0,FALSE,SPARE;0,SPARE;Default
SPARE,Description,1,0,FALSE,SPARE;0,SPARE;Default
SPARE,Description,1,0,FALSE,SPARE;0,SPARE;Default
SPARE,Description,1,0,FALSE,SPARE;0,SPARE;Default
SPARE,Description,1,0,FALSE,SPARE;0,SPARE;Default
SPARE,Description,1,0,FALSE,SPARE;0,SPARE;Default
SPARE,Description,1,0,FALSE,SPARE;0,SPARE;Default
SPARE,Description,1,0,FALSE,SPARE;0,SPARE;Default
SPARE,Description,1,0,FALSE,SPARE;0,SPARE;Default
SPARE,Description,1,0,FALSE,SPARE;0,SPARE;Default
SPARE,Description,1,0,FALSE,SPARE;0,SPARE;Default
SPARE,Description,1,0,FALSE,SPARE;0,SPARE;Default
SPARE,Description,1,0,FALSE,SPARE;0,SPARE;Default
SPARE,Description,1,0,FALSE,SPARE;0,SPARE;Default
SPARE,Description,1,0,FALSE,SPARE;0,SPARE;Default
SPARE,Description,1,0,FALSE,SPARE;0,SPARE;Default
SPARE,Description,1,0,FALSE,SPARE;0,SPARE;Default
SPARE,Description,1,0,FALSE,SPARE;0,SPARE;Default
SPARE,Description,1,0,FALSE,SPARE;0,SPARE;Default
SPARE,Description,1,0,FALSE,SPARE;0,SPARE;Default
SPARE,Description,1,0,FALSE,SPARE;0,SPARE;Default
SPARE,Description,1,0,FALSE,SPARE;0,SPARE;Default
SPARE,Description,1,0,FALSE,SPARE;0,SPARE;Default
SPARE,Description,1,0,FALSE,SPARE;0,SPARE;Default
SPARE,Description,1,0,FALSE,SPARE;0,SPARE;Default
SPARE,Description,1,0,FALSE,SPARE;0,SPARE;Default
SPARE,Description,1,0,FALSE,SPARE;0,SPARE;Default
SPARE,Description,1,0,FALSE,SPARE;0,SPARE;Default
SPARE,Description,1,0,FALSE,SPARE;0,SPARE;Default
SPARE,Description,1,0,FALSE,SPARE;0,SPARE;Default
SPARE,Description,1,0,FALSE,SPARE;0,SPARE;Default
SPARE,Description,1,0,FALSE,SPARE;0,SPARE;Default
SPARE,Description,1,0,FALSE,SPARE;0,SPARE;Default
SPARE,Description,1,0,FALSE,SPARE;0,SPARE;Default
SPARE,Description,1,0,FALSE,SPARE;0,SPARE;Default
SPARE,Description,1,0,FALSE,SPARE;0,SPARE;Default
SPARE,Description,1,0,FALSE,SPARE;0,SPARE;Default
SPARE,Description,1,0,FALSE,SPARE;0,SPARE;Default
SPARE,Description,1,0,FALSE,SPARE;0,SPARE;Default
SPARE,Description,1,0,FALSE,SPARE;0,SPARE;Default
SPARE,Description,1,0,FALSE,SPARE;0,SPARE;Default
